Relative_Day,Inspection_ID,Position,PN,SN,Water,Disbond,mAm,SFD,D4,D7,Exposure,Bin mAm,Bin SFD,Relative_Week,Relative_Month,Relative_Quarter,Rain_Season
0,E001,RH,PN01,SN002,0,1,6,2,1,0,1.5,HIGH,LONG,0,0,1,NW
5,E002,RH,PN01,SN038,0,1,6,2,1,0,1.5,HIGH,LONG,0,0,1,NW
5,E003,LH,PN01,SN042,0,1,2,2,1,0,0.5,MID,LONG,0,0,1,NW
6,E004,RH,PN01,SN011,0,1,5.3,2,1,0,1.3,HIGH,LONG,0,0,1,NW
7,E005,LH,PN01,SN023,0,1,2,1.2,0,1,1.4,MID,SHORT,1,0,1,NW
10,E006,RH,PN01,SN041,0,1,2,2,0,1,0.5,MID,LONG,1,0,1,NW
12,E007,LH,PN01,SN019,0,1,2,2,0,1,0.5,MID,LONG,1,0,1,NW
17,E008,RH,PN01,SN011,0,1,5.6,2,1,0,1.4,HIGH,LONG,2,0,1,NW
17,E009,LH,PN01,SN047,1,1,5.6,2,1,0,1.4,HIGH,LONG,2,0,1,NW
18,E010,LH,PN01,SN004,1,1,2,2,1,0,0.5,MID,LONG,2,0,1,NW
19,E011,RH,PN01,SN046,1,1,2,2,0,1,0.5,MID,LONG,2,0,1,NW
20,E012,LH,PN01,SN016,0,1,2,2,0,1,0.5,MID,LONG,2,0,1,NW
21,E013,LH,PN01,SN009,0,1,6,2,1,0,1.5,HIGH,LONG,3,0,1,NW
22,E014,RH,PN01,SN028,0,1,2,2,0,1,0.5,MID,LONG,3,0,1,NW
23,E015,RH,PN01,SN001,0,1,2,2,0,1,0.5,MID,LONG,3,0,1,NW
25,E016,LH,PN01,SN019,0,1,2,2,0,1,0.5,MID,LONG,3,0,1,NW
26,E017,RH,PN01,SN012,0,1,2,2,0,1,0.5,MID,LONG,3,0,1,NW
27,E018,LH,PN01,SN024,0,1,2,2,0,1,0.5,MID,LONG,3,0,1,NW
28,E019,LH,PN01,SN002,1,1,2,2,0,1,0.5,MID,LONG,4,0,1,NW
32,E020,LH,PN01,SN037,0,1,2,2,1,0,0.5,MID,LONG,4,1,1,Transition
32,E021,RH,PN01,SN009,0,0,6,2,1,0,1.5,HIGH,LONG,4,1,1,Transition
32,E022,RH,PN01,SN035,0,1,2,2,0,1,0.5,MID,LONG,4,1,1,Transition
32,E023,LH,PN01,SN034,0,1,6,2,1,0,1.5,HIGH,LONG,4,1,1,Transition
35,E024,RH,PN01,SN001,1,1,5.8,2,1,0,1.4,HIGH,LONG,5,1,1,Transition
36,E025,LH,PN01,SN043,0,1,2,2,0,1,0.5,MID,LONG,5,1,1,Transition
37,E026,LH,PN01,SN031,0,1,6,2,1,0,1.5,HIGH,LONG,5,1,1,Transition
38,E027,LH,PN01,SN047,1,1,2,2,1,0,0.5,MID,LONG,5,1,1,Transition
42,E028,RH,PN01,SN007,1,1,2,2,0,1,0.5,MID,LONG,6,1,1,Transition
44,E029,LH,PN01,SN005,0,1,2,1.7,1,0,0.7,MID,SHORT,6,1,1,Transition
45,E030,RH,PN01,SN016,1,1,6,2,1,0,1.5,HIGH,LONG,6,1,1,Transition
46,E032,RH,PN01,SN046,0,1,6,2,1,0,1.5,HIGH,LONG,6,1,1,Transition
46,E033,LH,PN01,SN021,1,1,2,2,0,1,0.5,MID,LONG,6,1,1,Transition
46,E034,RH,PN01,SN006,0,1,5.4,2,1,0,1.4,HIGH,LONG,6,1,1,Transition
46,E031,LH,PN01,SN025,1,1,2,1.9,0,1,0.6,MID,SHORT,6,1,1,Transition
48,E035,RH,PN01,SN038,0,1,2,2,0,1,0.5,MID,LONG,6,1,1,Transition
48,E038,RH,PN01,SN009,0,1,2,2,0,1,0.5,MID,LONG,6,1,1,Transition
48,E036,RH,PN01,SN014,0,1,6,2,1,0,1.5,HIGH,LONG,6,1,1,Transition
48,E037,LH,PN01,SN005,1,1,2,2,1,0,0.5,MID,LONG,6,1,1,Transition
51,E039,RH,PN01,SN046,1,0,2,2,0,1,0.5,MID,LONG,7,1,1,Transition
55,E040,RH,PN01,SN043,1,1,5.7,2,1,0,1.4,HIGH,LONG,7,1,1,Transition
56,E041,LH,PN01,SN014,0,1,2,2,1,0,0.5,MID,LONG,8,1,1,Transition
57,E042,RH,PN01,SN004,1,1,6,2,1,0,1.5,HIGH,LONG,8,1,1,Transition
58,E043,RH,PN01,SN017,1,1,2,2,0,1,0.5,MID,LONG,8,1,1,Transition
58,E044,RH,PN01,SN045,0,1,2,2,0,1,0.5,MID,LONG,8,1,1,Transition
59,E045,LH,PN01,SN020,0,1,2,2,1,0,0.5,MID,LONG,8,1,1,Transition
60,E046,RH,PN01,SN043,1,1,2,2,0,1,0.5,MID,LONG,8,2,1,Transition
63,E047,LH,PN01,SN016,0,0,2,2,0,1,0.5,MID,LONG,9,2,1,Transition
73,E048,RH,PN01,SN022,0,1,2,2,0,1,0.5,MID,LONG,10,2,1,Transition
73,E049,LH,PN01,SN045,1,1,2,2,1,0,0.5,MID,LONG,10,2,1,Transition
74,E050,LH,PN01,SN020,0,1,6,2,1,0,1.5,HIGH,LONG,10,2,1,Transition
77,E051,LH,PN01,SN005,0,1,2,1.3,0,1,1.2,MID,SHORT,11,2,1,Transition
77,E052,RH,PN01,SN008,0,1,2,2,0,1,0.5,MID,LONG,11,2,1,Transition
79,E053,RH,PN01,SN023,0,1,2,2,0,1,0.5,MID,LONG,11,2,1,Transition
79,E054,RH,PN01,SN017,1,1,2,2,0,1,0.5,MID,LONG,11,2,1,Transition
80,E055,RH,PN01,SN043,1,1,2,2,0,1,0.5,MID,LONG,11,2,1,Transition
81,E056,RH,PN01,SN008,0,1,2,2,0,1,0.5,MID,LONG,11,2,1,Transition
81,E057,LH,PN01,SN009,1,1,2,2,0,1,0.5,MID,LONG,11,2,1,Transition
81,E058,RH,PN01,SN026,0,1,6,2,1,0,1.5,HIGH,LONG,11,2,1,Transition
83,E059,RH,PN01,SN030,0,1,2,1.6,0,1,0.8,MID,SHORT,11,2,1,Transition
84,E060,RH,PN01,SN019,0,1,2,2,0,1,0.5,MID,LONG,12,2,1,Transition
85,E061,RH,PN01,SN015,0,1,5.6,2,1,0,1.4,HIGH,LONG,12,2,1,Transition
85,E062,LH,PN01,SN041,0,1,2,2,0,1,0.5,MID,LONG,12,2,1,Transition
87,E063,RH,PN01,SN007,0,1,2,2,0,1,0.5,MID,LONG,12,2,1,Transition
87,E064,RH,PN01,SN008,0,1,2,2,0,1,0.5,MID,LONG,12,2,1,Transition
87,E065,RH,PN01,SN029,0,1,2,2,0,1,0.5,MID,LONG,12,2,1,Transition
88,E066,RH,PN01,SN031,0,1,2,2,1,0,0.5,MID,LONG,12,2,1,Transition
90,E067,RH,PN01,SN016,1,1,6,2,1,0,1.5,HIGH,LONG,12,3,2,Transition
90,E068,RH,PN01,SN009,1,1,6,2,1,0,1.5,HIGH,LONG,12,3,2,Transition
91,E069,LH,PN01,SN030,0,1,2,2,0,1,0.5,MID,LONG,13,3,2,Transition
91,E070,RH,PN01,SN037,0,1,2,2,0,1,0.5,MID,LONG,13,3,2,Transition
92,E071,RH,PN01,SN027,0,1,2,2,0,1,0.5,MID,LONG,13,3,2,Transition
93,E072,LH,PN01,SN032,1,1,2,2,0,1,0.5,MID,LONG,13,3,2,Transition
94,E073,LH,PN01,SN009,0,1,2,2,0,1,0.5,MID,LONG,13,3,2,Transition
96,E074,LH,PN01,SN028,1,1,6,2,1,0,1.5,HIGH,LONG,13,3,2,Transition
97,E075,LH,PN01,SN025,1,0,2,2,0,1,0.5,MID,LONG,13,3,2,Transition
97,E076,RH,PN01,SN004,0,1,2,2,0,1,0.5,MID,LONG,13,3,2,Transition
97,E077,RH,PN01,SN016,1,1,6,2,1,0,1.5,HIGH,LONG,13,3,2,Transition
98,E078,RH,PN01,SN014,0,1,2,1.6,0,1,0.8,MID,SHORT,14,3,2,Transition
100,E079,RH,PN01,SN011,0,1,6,2,1,0,1.5,HIGH,LONG,14,3,2,Transition
101,E080,RH,PN01,SN026,0,1,2,2,0,1,0.5,MID,LONG,14,3,2,Transition
102,E081,RH,PN01,SN020,0,1,5.7,2,1,0,1.4,HIGH,LONG,14,3,2,Transition
102,E082,LH,PN01,SN024,1,1,6,2,1,0,1.5,HIGH,LONG,14,3,2,Transition
102,E083,LH,PN01,SN024,0,1,2,2,0,1,0.5,MID,LONG,14,3,2,Transition
105,E084,RH,PN01,SN018,0,1,2,2,0,1,0.5,MID,LONG,15,3,2,Transition
108,E085,RH,PN01,SN021,0,1,5.2,2,1,0,1.3,HIGH,LONG,15,3,2,Transition
108,E086,RH,PN01,SN025,1,1,2,2,0,1,0.5,MID,LONG,15,3,2,Transition
109,E087,LH,PN01,SN018,0,1,6,2,1,0,1.5,HIGH,LONG,15,3,2,Transition
109,E088,LH,PN01,SN047,0,1,6,2,1,0,1.5,HIGH,LONG,15,3,2,Transition
109,E089,LH,PN01,SN002,1,1,2,2,1,0,0.5,MID,LONG,15,3,2,Transition
110,E090,LH,PN01,SN034,1,0,2,2,0,1,0.5,MID,LONG,15,3,2,Transition
110,E091,LH,PN01,SN015,1,1,6,2,1,0,1.5,HIGH,LONG,15,3,2,Transition
113,E092,LH,PN01,SN014,0,1,2,2,0,1,0.5,MID,LONG,16,3,2,Transition
114,E093,RH,PN01,SN013,1,1,2,2,0,1,0.5,MID,LONG,16,3,2,Transition
115,E094,LH,PN01,SN004,0,1,5.4,2,1,0,1.4,HIGH,LONG,16,3,2,Transition
115,E095,RH,PN01,SN031,0,1,2,2,1,0,0.5,MID,LONG,16,3,2,Transition
118,E096,LH,PN01,SN005,0,1,2,2,1,0,0.5,MID,LONG,16,3,2,Transition
119,E097,RH,PN01,SN020,1,1,2,2,0,1,0.5,MID,LONG,17,3,2,Transition
120,E098,RH,PN01,SN034,0,1,6,2,1,0,1.5,HIGH,LONG,17,4,2,SE
121,E099,RH,PN01,SN004,0,1,2,2,1,0,0.5,MID,LONG,17,4,2,SE
121,E100,RH,PN01,SN011,1,1,6,2,1,0,1.5,HIGH,LONG,17,4,2,SE
121,E101,LH,PN01,SN003,1,1,2,2,0,1,0.5,MID,LONG,17,4,2,SE
121,E102,RH,PN01,SN041,0,1,6,2,1,0,1.5,HIGH,LONG,17,4,2,SE
122,E103,LH,PN01,SN018,0,1,6,2,1,0,1.5,HIGH,LONG,17,4,2,SE
124,E104,RH,PN01,SN019,0,1,2,2,0,1,0.5,MID,LONG,17,4,2,SE
129,E105,RH,PN01,SN029,1,1,2,2,1,0,0.5,MID,LONG,18,4,2,SE
129,E106,LH,PN01,SN044,0,1,2,2,0,1,0.5,MID,LONG,18,4,2,SE
129,E107,LH,PN01,SN003,0,1,2,2,0,1,0.5,MID,LONG,18,4,2,SE
129,E108,RH,PN01,SN028,0,1,6,2,1,0,1.5,HIGH,LONG,18,4,2,SE
130,E109,RH,PN01,SN011,1,1,5.7,2,1,0,1.4,HIGH,LONG,18,4,2,SE
131,E110,LH,PN01,SN021,1,1,2,2,0,1,0.5,MID,LONG,18,4,2,SE
132,E111,LH,PN01,SN035,0,1,2,2,0,1,0.5,MID,LONG,18,4,2,SE
133,E112,LH,PN01,SN004,1,1,2,2,0,1,0.5,MID,LONG,19,4,2,SE
134,E113,LH,PN01,SN041,0,1,6,2,1,0,1.5,HIGH,LONG,19,4,2,SE
134,E114,LH,PN01,SN008,0,1,2,2,0,1,0.5,MID,LONG,19,4,2,SE
134,E115,RH,PN01,SN018,0,1,2,2,0,1,0.5,MID,LONG,19,4,2,SE
135,E116,LH,PN01,SN039,0,1,2,2,1,0,0.5,MID,LONG,19,4,2,SE
136,E117,LH,PN01,SN033,1,1,2,2,0,1,0.5,MID,LONG,19,4,2,SE
136,E118,RH,PN01,SN010,0,1,2,2,0,1,0.5,MID,LONG,19,4,2,SE
136,E119,RH,PN01,SN013,0,1,2,2,0,1,0.5,MID,LONG,19,4,2,SE
136,E120,LH,PN01,SN031,0,1,2,2,0,1,0.5,MID,LONG,19,4,2,SE
136,E121,RH,PN01,SN032,0,1,2,2,1,0,0.5,MID,LONG,19,4,2,SE
137,E122,RH,PN01,SN007,0,1,2,2,0,1,0.5,MID,LONG,19,4,2,SE
139,E123,LH,PN01,SN031,0,1,2,2,0,1,0.5,MID,LONG,19,4,2,SE
141,E124,LH,PN01,SN044,0,1,2,2,0,1,0.5,MID,LONG,20,4,2,SE
143,E125,RH,PN01,SN003,0,1,2,2,1,0,0.5,MID,LONG,20,4,2,SE
144,E126,LH,PN01,SN007,0,1,6,2,1,0,1.5,HIGH,LONG,20,4,2,SE
147,E127,LH,PN01,SN021,0,1,2,2,1,0,0.5,MID,LONG,21,4,2,SE
148,E128,RH,PN01,SN012,1,1,2,2,0,1,0.5,MID,LONG,21,4,2,SE
149,E129,RH,PN01,SN010,1,1,2,2,0,1,0.5,MID,LONG,21,4,2,SE
150,E130,LH,PN01,SN019,0,1,2,2,0,1,0.5,MID,LONG,21,5,2,SE
151,E131,RH,PN01,SN028,0,1,2,2,0,1,0.5,MID,LONG,21,5,2,SE
152,E132,LH,PN01,SN025,0,1,2,1.5,1,0,0.9,MID,SHORT,21,5,2,SE
153,E136,LH,PN01,SN029,1,1,5.3,2,1,0,1.3,HIGH,LONG,21,5,2,SE
153,E135,LH,PN01,SN047,0,1,6,2,1,0,1.5,HIGH,LONG,21,5,2,SE
153,E134,RH,PN01,SN019,0,1,2,2,1,0,0.5,MID,LONG,21,5,2,SE
153,E133,LH,PN01,SN037,0,1,2,2,0,1,0.5,MID,LONG,21,5,2,SE
154,E137,LH,PN01,SN035,0,1,2,2,1,0,0.5,MID,LONG,22,5,2,SE
155,E140,LH,PN01,SN026,1,1,2,2,0,1,0.5,MID,LONG,22,5,2,SE
155,E138,RH,PN01,SN031,0,1,2,2,0,1,0.5,MID,LONG,22,5,2,SE
155,E139,LH,PN01,SN015,0,1,2,2,0,1,0.5,MID,LONG,22,5,2,SE
158,E141,RH,PN01,SN041,0,1,6,2,1,0,1.5,HIGH,LONG,22,5,2,SE
160,E142,RH,PN01,SN040,1,1,2,2,0,1,0.5,MID,LONG,22,5,2,SE
160,E143,LH,PN01,SN009,1,1,2,2,1,0,0.5,MID,LONG,22,5,2,SE
161,E144,RH,PN01,SN025,0,1,2,2,0,1,0.5,MID,LONG,23,5,2,SE
162,E145,RH,PN01,SN010,0,1,2,2,0,1,0.5,MID,LONG,23,5,2,SE
165,E148,RH,PN01,SN006,0,1,2,2,1,0,0.5,MID,LONG,23,5,2,SE
165,E146,LH,PN01,SN045,0,1,2,2,0,1,0.5,MID,LONG,23,5,2,SE
165,E147,RH,PN01,SN035,0,1,6,1.8,1,0,1.9,HIGH,SHORT,23,5,2,SE
167,E149,LH,PN01,SN009,0,1,2,2,0,1,0.5,MID,LONG,23,5,2,SE
168,E150,RH,PN01,SN015,1,1,2,2,1,0,0.5,MID,LONG,24,5,2,SE
168,E151,LH,PN01,SN009,0,1,5.1,2,1,0,1.3,HIGH,LONG,24,5,2,SE
171,E152,RH,PN01,SN038,1,1,6,2,1,0,1.5,HIGH,LONG,24,5,2,SE
171,E154,RH,PN01,SN047,0,1,2,0.8,0,1,3.1,MID,SHORT,24,5,2,SE
171,E153,RH,PN01,SN031,0,1,2,2,0,1,0.5,MID,LONG,24,5,2,SE
173,E155,LH,PN01,SN026,0,1,2,2,0,1,0.5,MID,LONG,24,5,2,SE
174,E156,LH,PN01,SN010,1,1,2,2,0,1,0.5,MID,LONG,24,5,2,SE
177,E157,RH,PN01,SN034,1,1,2,2,0,1,0.5,MID,LONG,25,5,2,SE
178,E158,RH,PN01,SN036,0,1,2,2,1,0,0.5,MID,LONG,25,5,2,SE
180,E159,LH,PN01,SN027,0,1,2,1.5,1,0,0.9,MID,SHORT,25,6,3,SE
181,E160,LH,PN01,SN006,0,1,6,2,1,0,1.5,HIGH,LONG,25,6,3,SE
183,E161,RH,PN01,SN038,0,1,2,2,0,1,0.5,MID,LONG,26,6,3,SE
184,E163,RH,PN01,SN014,1,1,2,2,0,1,0.5,MID,LONG,26,6,3,SE
184,E162,RH,PN01,SN028,0,1,2,2,0,1,0.5,MID,LONG,26,6,3,SE
185,E164,LH,PN01,SN018,0,1,2,2,0,1,0.5,MID,LONG,26,6,3,SE
187,E165,RH,PN01,SN042,0,1,2,2,0,1,0.5,MID,LONG,26,6,3,SE
190,E166,LH,PN01,SN020,0,1,6,2,1,0,1.5,HIGH,LONG,27,6,3,SE
191,E167,LH,PN01,SN041,0,1,2,2,0,1,0.5,MID,LONG,27,6,3,SE
192,E168,LH,PN01,SN020,0,1,2,2,1,0,0.5,MID,LONG,27,6,3,SE
193,E172,RH,PN01,SN009,0,1,6,2,1,0,1.5,HIGH,LONG,27,6,3,SE
193,E171,RH,PN01,SN043,1,1,2,2,1,0,0.5,MID,LONG,27,6,3,SE
193,E170,LH,PN01,SN014,0,1,2,2,1,0,0.5,MID,LONG,27,6,3,SE
193,E169,LH,PN01,SN040,1,1,2,2,0,1,0.5,MID,LONG,27,6,3,SE
194,E174,RH,PN01,SN003,0,1,6,2,1,0,1.5,HIGH,LONG,27,6,3,SE
194,E175,LH,PN01,SN041,0,1,6,2,1,0,1.5,HIGH,LONG,27,6,3,SE
194,E173,LH,PN01,SN035,0,1,2,2,0,1,0.5,MID,LONG,27,6,3,SE
196,E176,RH,PN01,SN045,0,1,2,2,1,0,0.5,MID,LONG,28,6,3,SE
196,E177,RH,PN01,SN026,0,1,6,2,1,0,1.5,HIGH,LONG,28,6,3,SE
197,E178,RH,PN01,SN034,0,1,2,2,0,1,0.5,MID,LONG,28,6,3,SE
198,E179,RH,PN01,SN016,1,1,6,2,1,0,1.5,HIGH,LONG,28,6,3,SE
200,E180,LH,PN01,SN041,0,1,2,2,0,1,0.5,MID,LONG,28,6,3,SE
201,E181,RH,PN01,SN041,0,1,2,2,1,0,0.5,MID,LONG,28,6,3,SE
202,E184,RH,PN01,SN025,0,1,2,2,0,1,0.5,MID,LONG,28,6,3,SE
202,E182,LH,PN01,SN041,1,1,6,2,1,0,1.5,HIGH,LONG,28,6,3,SE
202,E183,LH,PN01,SN004,0,1,2,2,0,1,0.5,MID,LONG,28,6,3,SE
202,E185,RH,PN01,SN042,1,1,2,2,0,1,0.5,MID,LONG,28,6,3,SE
207,E188,LH,PN01,SN039,1,1,2,2,1,0,0.5,MID,LONG,29,6,3,SE
207,E186,RH,PN01,SN022,0,1,2,2,1,0,0.5,MID,LONG,29,6,3,SE
207,E187,RH,PN01,SN034,0,1,2,2,1,0,0.5,MID,LONG,29,6,3,SE
208,E189,LH,PN01,SN017,0,1,2,2,0,1,0.5,MID,LONG,29,6,3,SE
212,E190,RH,PN01,SN010,0,1,2,2,0,1,0.5,MID,LONG,30,7,3,SE
217,E192,RH,PN01,SN044,0,1,2,2,0,1,0.5,MID,LONG,31,7,3,SE
217,E191,RH,PN01,SN006,1,1,2,2,0,1,0.5,MID,LONG,31,7,3,SE
217,E193,LH,PN01,SN014,1,1,5.1,2,1,0,1.3,HIGH,LONG,31,7,3,SE
217,E194,RH,PN01,SN033,0,1,2,2,1,0,0.5,MID,LONG,31,7,3,SE
220,E195,RH,PN01,SN009,0,1,6,2,1,0,1.5,HIGH,LONG,31,7,3,SE
221,E198,LH,PN01,SN044,0,0,2,2,1,0,0.5,MID,LONG,31,7,3,SE
221,E196,RH,PN01,SN047,0,1,2,2,1,0,0.5,MID,LONG,31,7,3,SE
221,E197,LH,PN01,SN029,1,1,2,2,0,1,0.5,MID,LONG,31,7,3,SE
222,E199,RH,PN01,SN011,0,1,6,2,1,0,1.5,HIGH,LONG,31,7,3,SE
223,E203,LH,PN01,SN015,1,1,2,2,0,1,0.5,MID,LONG,31,7,3,SE
223,E202,LH,PN01,SN023,0,1,2,2,0,1,0.5,MID,LONG,31,7,3,SE
223,E201,LH,PN01,SN029,0,1,2,2,0,1,0.5,MID,LONG,31,7,3,SE
223,E200,RH,PN01,SN036,0,1,2,2,1,0,0.5,MID,LONG,31,7,3,SE
225,E204,LH,PN02,SN019,0,1,2,2,0,1,0.5,MID,LONG,32,7,3,SE
226,E205,RH,PN02,SN006,1,1,5.5,2,1,0,1.4,HIGH,LONG,32,7,3,SE
236,E206,RH,PN02,SN016,1,1,2,2,0,1,0.5,MID,LONG,33,7,3,SE
237,E209,LH,PN02,SN034,0,1,2,2,1,0,0.5,MID,LONG,33,7,3,SE
237,E208,LH,PN02,SN040,0,1,6,2,1,0,1.5,HIGH,LONG,33,7,3,SE
237,E207,LH,PN02,SN032,0,1,2,2,1,0,0.5,MID,LONG,33,7,3,SE
239,E210,LH,PN02,SN025,0,1,6,2,1,0,1.5,HIGH,LONG,34,7,3,SE
241,E211,RH,PN02,SN041,1,1,2,2,1,0,0.5,MID,LONG,34,8,3,SE
242,E212,LH,PN02,SN042,1,1,2,2,0,1,0.5,MID,LONG,34,8,3,SE
242,E213,RH,PN02,SN005,0,1,6,2,1,0,1.5,HIGH,LONG,34,8,3,SE
245,E216,RH,PN02,SN028,0,1,2,1.3,0,1,1.2,MID,SHORT,35,8,3,Transition
245,E215,RH,PN02,SN013,1,1,6,2,1,0,1.5,HIGH,LONG,35,8,3,Transition
245,E214,RH,PN02,SN021,0,1,2,2,0,1,0.5,MID,LONG,35,8,3,Transition
249,E217,RH,PN02,SN034,1,1,2,0.9,0,1,2.5,MID,SHORT,35,8,3,Transition
250,E218,LH,PN02,SN007,1,1,2,2,0,1,0.5,MID,LONG,35,8,3,Transition
250,E219,RH,PN02,SN023,0,1,2,2,0,1,0.5,MID,LONG,35,8,3,Transition
252,E220,RH,PN02,SN004,1,1,2,2,0,1,0.5,MID,LONG,36,8,3,Transition
252,E221,RH,PN02,SN010,0,1,2,2,1,0,0.5,MID,LONG,36,8,3,Transition
254,E224,RH,PN02,SN002,0,1,2,2,0,1,0.5,MID,LONG,36,8,3,Transition
254,E223,LH,PN02,SN049,1,1,2,2,1,0,0.5,MID,LONG,36,8,3,Transition
254,E222,RH,PN02,SN024,0,1,2,2,0,1,0.5,MID,LONG,36,8,3,Transition
255,E225,LH,PN02,SN029,1,1,2,2,0,1,0.5,MID,LONG,36,8,3,Transition
256,E226,LH,PN02,SN005,0,1,2,2,1,0,0.5,MID,LONG,36,8,3,Transition
257,E227,RH,PN02,SN021,0,1,2,2,1,0,0.5,MID,LONG,36,8,3,Transition
258,E228,LH,PN02,SN046,0,1,2,2,0,1,0.5,MID,LONG,36,8,3,Transition
259,E229,LH,PN02,SN009,1,1,2,2,0,1,0.5,MID,LONG,37,8,3,Transition
260,E230,RH,PN02,SN009,0,1,2,2,0,1,0.5,MID,LONG,37,8,3,Transition
260,E231,RH,PN02,SN027,0,1,2,2,0,1,0.5,MID,LONG,37,8,3,Transition
261,E232,RH,PN02,SN023,1,1,2,2,0,1,0.5,MID,LONG,37,8,3,Transition
262,E234,LH,PN02,SN046,1,0,2,2,1,0,0.5,MID,LONG,37,8,3,Transition
262,E233,LH,PN02,SN033,0,1,6,2,1,0,1.5,HIGH,LONG,37,8,3,Transition
263,E235,LH,PN02,SN036,1,1,2,2,1,0,0.5,MID,LONG,37,8,3,Transition
264,E236,RH,PN02,SN038,1,1,2,2,0,1,0.5,MID,LONG,37,8,3,Transition
265,E237,RH,PN02,SN002,1,0,2,2,1,0,0.5,MID,LONG,37,8,3,Transition
267,E238,RH,PN02,SN040,0,1,2,1.3,1,0,1.2,MID,SHORT,38,8,3,Transition
267,E239,RH,PN02,SN044,0,1,2,2,1,0,0.5,MID,LONG,38,8,3,Transition
272,E240,LH,PN02,SN022,0,1,2,2,0,1,0.5,MID,LONG,38,9,4,Transition
273,E242,LH,PN02,SN010,1,1,2,2,0,1,0.5,MID,LONG,39,9,4,Transition
273,E241,RH,PN02,SN009,0,1,6,2,1,0,1.5,HIGH,LONG,39,9,4,Transition
274,E243,RH,PN02,SN011,0,1,2,2,1,0,0.5,MID,LONG,39,9,4,Transition
275,E244,RH,PN02,SN030,0,1,5.5,1,1,0,5.5,HIGH,SHORT,39,9,4,Transition
280,E246,LH,PN02,SN007,0,1,2,2,0,1,0.5,MID,LONG,40,9,4,Transition
280,E245,LH,PN02,SN004,1,1,2,2,0,1,0.5,MID,LONG,40,9,4,Transition
282,E247,LH,PN02,SN037,0,1,6,2,1,0,1.5,HIGH,LONG,40,9,4,Transition
283,E248,RH,PN02,SN040,0,1,2,2,0,1,0.5,MID,LONG,40,9,4,Transition
284,E249,LH,PN02,SN024,0,1,2,2,0,1,0.5,MID,LONG,40,9,4,Transition
286,E250,LH,PN02,SN022,0,1,5.1,2,1,0,1.3,HIGH,LONG,40,9,4,Transition
287,E254,RH,PN02,SN038,0,1,2,2,1,0,0.5,MID,LONG,41,9,4,Transition
287,E252,RH,PN02,SN046,0,1,6,2,1,0,1.5,HIGH,LONG,41,9,4,Transition
287,E251,LH,PN02,SN026,0,1,6,2,1,0,1.5,HIGH,LONG,41,9,4,Transition
287,E253,LH,PN02,SN020,0,1,2,2,1,0,0.5,MID,LONG,41,9,4,Transition
289,E255,RH,PN02,SN025,1,1,5.1,2,1,0,1.3,HIGH,LONG,41,9,4,Transition
291,E256,LH,PN02,SN010,0,1,2,2,0,1,0.5,MID,LONG,41,9,4,Transition
292,E257,RH,PN02,SN047,1,1,6,2,1,0,1.5,HIGH,LONG,41,9,4,Transition
294,E258,RH,PN02,SN021,0,1,2,2,0,1,0.5,MID,LONG,42,9,4,Transition
295,E259,RH,PN02,SN044,0,1,2,2,1,0,0.5,MID,LONG,42,9,4,Transition
296,E260,RH,PN02,SN015,0,0,2,2,0,1,0.5,MID,LONG,42,9,4,Transition
296,E262,RH,PN02,SN025,0,1,2,2,0,1,0.5,MID,LONG,42,9,4,Transition
296,E261,RH,PN02,SN031,0,1,2,2,1,0,0.5,MID,LONG,42,9,4,Transition
298,E263,LH,PN02,SN046,1,1,2,2,0,1,0.5,MID,LONG,42,9,4,Transition
299,E264,RH,PN02,SN018,0,1,6,2,1,0,1.5,HIGH,LONG,42,9,4,Transition
300,E265,LH,PN02,SN043,0,1,6,2,1,0,1.5,HIGH,LONG,42,10,4,Transition
301,E266,LH,PN02,SN044,0,1,2,2,0,1,0.5,MID,LONG,43,10,4,Transition
303,E267,RH,PN02,SN031,0,1,2,2,1,0,0.5,MID,LONG,43,10,4,Transition
304,E268,RH,PN02,SN006,0,1,2,2,0,1,0.5,MID,LONG,43,10,4,NW
306,E269,RH,PN02,SN027,0,1,2,2,0,1,0.5,MID,LONG,43,10,4,NW
309,E270,RH,PN02,SN048,0,1,2,2,1,0,0.5,MID,LONG,44,10,4,NW
310,E271,LH,PN02,SN022,1,0,2,2,0,1,0.5,MID,LONG,44,10,4,NW
312,E272,RH,PN02,SN030,1,1,2,2,0,1,0.5,MID,LONG,44,10,4,NW
313,E274,RH,PN02,SN026,0,1,6,2,1,0,1.5,HIGH,LONG,44,10,4,NW
313,E276,LH,PN02,SN038,0,1,2,2,0,1,0.5,MID,LONG,44,10,4,NW
313,E275,LH,PN02,SN021,0,1,2,2,0,1,0.5,MID,LONG,44,10,4,NW
313,E273,RH,PN02,SN001,0,1,2,2,0,1,0.5,MID,LONG,44,10,4,NW
314,E277,LH,PN02,SN020,1,1,2,2,0,1,0.5,MID,LONG,44,10,4,NW
316,E278,RH,PN02,SN041,0,1,2,2,1,0,0.5,MID,LONG,45,10,4,NW
317,E279,LH,PN02,SN048,0,1,2,2,0,1,0.5,MID,LONG,45,10,4,NW
317,E280,RH,PN02,SN014,0,1,2,2,0,1,0.5,MID,LONG,45,10,4,NW
317,E282,RH,PN02,SN010,1,1,2,2,0,1,0.5,MID,LONG,45,10,4,NW
317,E281,RH,PN02,SN024,1,1,6,2,1,0,1.5,HIGH,LONG,45,10,4,NW
318,E286,RH,PN02,SN031,1,1,2,1.5,0,1,0.9,MID,SHORT,45,10,4,NW
318,E284,RH,PN02,SN044,0,1,2,2,0,1,0.5,MID,LONG,45,10,4,NW
318,E283,RH,PN02,SN033,0,1,6,2,1,0,1.5,HIGH,LONG,45,10,4,NW
318,E285,RH,PN02,SN003,0,1,2,2,1,0,0.5,MID,LONG,45,10,4,NW
322,E287,LH,PN02,SN025,0,1,2,1.7,1,0,0.7,MID,SHORT,46,10,4,NW
323,E288,LH,PN02,SN023,1,0,2,1.7,1,0,0.7,MID,SHORT,46,10,4,NW
324,E289,RH,PN02,SN020,0,1,2,2,0,1,0.5,MID,LONG,46,10,4,NW
326,E290,LH,PN02,SN010,1,1,2,2,1,0,0.5,MID,LONG,46,10,4,NW
327,E292,RH,PN02,SN016,0,1,6,2,1,0,1.5,HIGH,LONG,46,10,4,NW
327,E291,LH,PN02,SN002,1,1,2,2,0,1,0.5,MID,LONG,46,10,4,NW
328,E294,RH,PN02,SN021,1,1,2,2,0,1,0.5,MID,LONG,46,10,4,NW
328,E293,LH,PN02,SN033,0,1,2,2,0,1,0.5,MID,LONG,46,10,4,NW
329,E295,LH,PN02,SN036,0,1,2,2,0,1,0.5,MID,LONG,47,10,4,NW
331,E296,RH,PN02,SN023,0,1,2,2,1,0,0.5,MID,LONG,47,11,4,NW
334,E298,LH,PN02,SN030,0,1,2,2,0,1,0.5,MID,LONG,47,11,4,NW
334,E297,LH,PN02,SN025,1,1,6,2,1,0,1.5,HIGH,LONG,47,11,4,NW
337,E299,LH,PN02,SN014,1,1,2,2,0,1,0.5,MID,LONG,48,11,4,NW
338,E300,RH,PN02,SN004,1,1,2,2,0,1,0.5,MID,LONG,48,11,4,NW
338,E301,RH,PN02,SN047,0,1,5.3,2,1,0,1.3,HIGH,LONG,48,11,4,NW
341,E305,RH,PN02,SN014,0,1,2,2,1,0,0.5,MID,LONG,48,11,4,NW
341,E304,RH,PN02,SN020,1,1,2,1.3,1,0,1.2,MID,SHORT,48,11,4,NW
341,E303,RH,PN02,SN014,0,1,2,2,1,0,0.5,MID,LONG,48,11,4,NW
341,E306,LH,PN02,SN038,0,1,6,2,1,0,1.5,HIGH,LONG,48,11,4,NW
341,E302,LH,PN02,SN013,0,1,2,2,0,1,0.5,MID,LONG,48,11,4,NW
342,E307,RH,PN02,SN032,0,1,2,2,0,1,0.5,MID,LONG,48,11,4,NW
344,E308,RH,PN02,SN048,0,1,2,2,1,0,0.5,MID,LONG,49,11,4,NW
348,E310,RH,PN02,SN004,0,1,2,2,1,0,0.5,MID,LONG,49,11,4,NW
348,E309,RH,PN02,SN035,0,0,2,2,0,1,0.5,MID,LONG,49,11,4,NW
348,E311,LH,PN02,SN033,0,1,2,2,0,1,0.5,MID,LONG,49,11,4,NW
349,E312,RH,PN02,SN002,1,1,6,2,1,0,1.5,HIGH,LONG,49,11,4,NW
349,E313,RH,PN02,SN002,0,1,2,2,0,1,0.5,MID,LONG,49,11,4,NW
351,E314,RH,PN02,SN034,1,1,2,2,0,1,0.5,MID,LONG,50,11,4,NW
355,E315,LH,PN02,SN024,0,1,6,2,1,0,1.5,HIGH,LONG,50,11,4,NW
358,E316,RH,PN02,SN006,0,1,2,2,1,0,0.5,MID,LONG,51,11,4,NW
361,E317,RH,PN02,SN004,0,1,5.6,2,1,0,1.4,HIGH,LONG,51,12,5,NW
362,E320,RH,PN02,SN002,0,1,2,2,0,1,0.5,MID,LONG,51,12,5,NW
362,E319,LH,PN02,SN005,0,1,2,2,0,1,0.5,MID,LONG,51,12,5,NW
362,E318,RH,PN02,SN007,0,1,5.6,2,1,0,1.4,HIGH,LONG,51,12,5,NW
363,E321,LH,PN02,SN011,0,1,2,2,0,1,0.5,MID,LONG,51,12,5,NW
368,E325,LH,PN02,SN038,0,1,2,2,0,1,0.5,MID,LONG,52,12,5,NW
368,E324,LH,PN02,SN018,0,1,6,2,1,0,1.5,HIGH,LONG,52,12,5,NW
368,E323,LH,PN02,SN005,1,1,2,2,0,1,0.5,MID,LONG,52,12,5,NW
368,E322,LH,PN02,SN048,1,0,2,0.8,0,1,3.1,MID,SHORT,52,12,5,NW
369,E326,LH,PN02,SN010,0,1,6,2,1,0,1.5,HIGH,LONG,52,12,5,NW
370,E327,LH,PN02,SN020,0,1,6,2,1,0,1.5,HIGH,LONG,52,12,5,NW
371,E328,RH,PN02,SN033,0,1,2,2,1,0,0.5,MID,LONG,53,12,5,NW
373,E330,RH,PN02,SN016,0,1,2,2,1,0,0.5,MID,LONG,53,12,5,NW
373,E329,LH,PN02,SN025,1,1,2,2,0,1,0.5,MID,LONG,53,12,5,NW
375,E331,RH,PN02,SN005,1,1,6,2,1,0,1.5,HIGH,LONG,53,12,5,NW
376,E332,RH,PN02,SN047,0,1,6,2,1,0,1.5,HIGH,LONG,53,12,5,NW
377,E333,RH,PN02,SN022,0,1,2,2,0,1,0.5,MID,LONG,53,12,5,NW
380,E334,RH,PN02,SN042,0,1,2,2,0,1,0.5,MID,LONG,54,12,5,NW
381,E335,LH,PN02,SN026,0,1,2,2,0,1,0.5,MID,LONG,54,12,5,NW
383,E336,LH,PN02,SN025,1,1,2,2,0,1,0.5,MID,LONG,54,12,5,NW
384,E337,RH,PN02,SN012,0,1,2,2,0,1,0.5,MID,LONG,54,12,5,NW
386,E338,LH,PN02,SN019,0,1,2,2,0,1,0.5,MID,LONG,55,12,5,NW
389,E340,RH,PN02,SN031,0,1,2,2,0,1,0.5,MID,LONG,55,12,5,NW
389,E339,LH,PN02,SN020,1,1,2,2,0,1,0.5,MID,LONG,55,12,5,NW
390,E341,LH,PN02,SN024,0,1,2,2,0,1,0.5,MID,LONG,55,13,5,NW
400,E342,LH,PN02,SN043,0,1,5.6,2,1,0,1.4,HIGH,LONG,57,13,5,Transition
401,E343,RH,PN02,SN028,1,1,6,2,1,0,1.5,HIGH,LONG,57,13,5,Transition
401,E344,RH,PN02,SN015,0,1,2,2,0,1,0.5,MID,LONG,57,13,5,Transition
405,E349,LH,PN02,SN036,0,1,2,2,0,1,0.5,MID,LONG,57,13,5,Transition
405,E345,LH,PN02,SN002,0,1,2,2,1,0,0.5,MID,LONG,57,13,5,Transition
405,E347,LH,PN02,SN045,0,1,6,2,1,0,1.5,HIGH,LONG,57,13,5,Transition
405,E348,LH,PN02,SN007,0,1,2,2,1,0,0.5,MID,LONG,57,13,5,Transition
405,E346,RH,PN02,SN023,1,1,6,2,1,0,1.5,HIGH,LONG,57,13,5,Transition
407,E350,RH,PN02,SN026,1,1,6,2,1,0,1.5,HIGH,LONG,58,13,5,Transition
408,E352,RH,PN02,SN024,1,1,5.5,2,1,0,1.4,HIGH,LONG,58,13,5,Transition
408,E351,RH,PN02,SN014,1,1,2,2,0,1,0.5,MID,LONG,58,13,5,Transition
409,E353,RH,PN02,SN040,0,1,2,2,0,1,0.5,MID,LONG,58,13,5,Transition
413,E354,RH,PN02,SN020,0,1,2,2,1,0,0.5,MID,LONG,59,13,5,Transition
414,E355,LH,PN02,SN024,0,1,2,2,1,0,0.5,MID,LONG,59,13,5,Transition
415,E356,LH,PN02,SN041,0,1,2,2,1,0,0.5,MID,LONG,59,13,5,Transition
416,E357,LH,PN02,SN012,1,1,6,2,1,0,1.5,HIGH,LONG,59,13,5,Transition
418,E358,LH,PN02,SN025,0,1,2,2,0,1,0.5,MID,LONG,59,13,5,Transition
418,E359,RH,PN02,SN032,1,1,2,2,1,0,0.5,MID,LONG,59,13,5,Transition
419,E360,LH,PN02,SN019,1,1,2,2,0,1,0.5,MID,LONG,59,13,5,Transition
419,E361,LH,PN02,SN008,1,1,2,2,0,1,0.5,MID,LONG,59,13,5,Transition
419,E362,RH,PN02,SN029,0,0,5.7,2,1,0,1.4,HIGH,LONG,59,13,5,Transition
419,E363,RH,PN02,SN029,1,1,5.1,2,1,0,1.3,HIGH,LONG,59,13,5,Transition
420,E364,LH,PN02,SN048,0,1,2,2,0,1,0.5,MID,LONG,60,14,5,Transition
423,E365,LH,PN02,SN014,0,1,2,2,0,1,0.5,MID,LONG,60,14,5,Transition
428,E366,LH,PN02,SN046,1,1,2,2,0,1,0.5,MID,LONG,61,14,5,Transition
433,E367,RH,PN02,SN009,0,1,2,2,0,1,0.5,MID,LONG,61,14,5,Transition
436,E368,LH,PN02,SN009,1,1,2,2,0,1,0.5,MID,LONG,62,14,5,Transition
446,E369,RH,PN02,SN037,0,1,2,2,1,0,0.5,MID,LONG,63,14,5,Transition
447,E372,RH,PN02,SN026,1,1,6,2,1,0,1.5,HIGH,LONG,63,14,5,Transition
447,E373,LH,PN02,SN037,1,1,2,2,0,1,0.5,MID,LONG,63,14,5,Transition
447,E370,RH,PN02,SN026,0,1,2,1.1,0,1,1.7,MID,SHORT,63,14,5,Transition
447,E371,LH,PN02,SN047,1,0,2,2,0,1,0.5,MID,LONG,63,14,5,Transition
448,E374,LH,PN02,SN041,0,1,5.4,2,1,0,1.4,HIGH,LONG,64,14,5,Transition
450,E375,RH,PN02,SN013,0,1,2,2,1,0,0.5,MID,LONG,64,15,6,Transition
452,E376,RH,PN02,SN006,0,1,2,2,0,1,0.5,MID,LONG,64,15,6,Transition
456,E377,LH,PN02,SN020,0,1,2,2,1,0,0.5,MID,LONG,65,15,6,Transition
457,E380,LH,PN03,SN001,0,1,2,2,0,1,0.5,MID,LONG,65,15,6,Transition
457,E381,RH,PN03,SN001,1,1,2,2,1,0,0.5,MID,LONG,65,15,6,Transition
457,E378,LH,PN03,SN001,1,1,2,2,1,0,0.5,MID,LONG,65,15,6,Transition
457,E379,RH,PN03,SN001,0,1,6,2,1,0,1.5,HIGH,LONG,65,15,6,Transition
460,E382,LH,PN03,SN001,0,1,2,2,1,0,0.5,MID,LONG,65,15,6,Transition
462,E383,LH,PN03,SN001,0,1,2,2,1,0,0.5,MID,LONG,66,15,6,Transition
463,E384,LH,PN03,SN001,1,1,2,2,1,0,0.5,MID,LONG,66,15,6,Transition
464,E385,LH,PN03,SN001,1,1,6,2,1,0,1.5,HIGH,LONG,66,15,6,Transition
465,E388,RH,PN04,SN004,0,1,6,2,1,0,1.5,HIGH,LONG,66,15,6,Transition
465,E389,LH,PN04,SN001,0,1,6,2,1,0,1.5,HIGH,LONG,66,15,6,Transition
465,E386,RH,PN03,SN001,0,1,2,2,0,1,0.5,MID,LONG,66,15,6,Transition
465,E387,RH,PN04,SN003,0,1,2,2,0,1,0.5,MID,LONG,66,15,6,Transition
475,E390,LH,PN04,SN004,1,1,2,2,1,0,0.5,MID,LONG,67,15,6,Transition
476,E391,RH,PN04,SN002,0,1,2,2,0,1,0.5,MID,LONG,68,15,6,Transition
479,E392,RH,PN04,SN006,1,1,2,2,0,1,0.5,MID,LONG,68,15,6,Transition
480,E395,RH,PN04,SN002,0,1,2,2,0,1,0.5,MID,LONG,68,16,6,Transition
480,E394,LH,PN04,SN001,0,1,5.5,2,1,0,1.4,HIGH,LONG,68,16,6,Transition
480,E393,LH,PN04,SN004,1,1,6,2,1,0,1.5,HIGH,LONG,68,16,6,Transition
483,E396,RH,PN04,SN003,0,1,6,2,1,0,1.5,HIGH,LONG,69,16,6,Transition
483,E397,LH,PN04,SN004,0,1,2,2,1,0,0.5,MID,LONG,69,16,6,Transition
483,E398,RH,PN04,SN005,0,1,2,2,1,0,0.5,MID,LONG,69,16,6,Transition
483,E399,LH,PN04,SN001,0,1,5.8,2,1,0,1.4,HIGH,LONG,69,16,6,Transition
485,E400,RH,PN04,SN006,0,1,5.3,2,1,0,1.3,HIGH,LONG,69,16,6,SE
486,E403,LH,PN04,SN003,0,1,2,1.6,0,1,0.8,MID,SHORT,69,16,6,SE
486,E402,LH,PN04,SN003,0,1,6,2,1,0,1.5,HIGH,LONG,69,16,6,SE
486,E404,RH,PN04,SN005,0,1,6,2,1,0,1.5,HIGH,LONG,69,16,6,SE
486,E401,RH,PN04,SN001,0,1,5.9,0.8,1,0,9.2,HIGH,SHORT,69,16,6,SE
489,E405,LH,PN04,SN006,0,0,6,2,1,0,1.5,HIGH,LONG,69,16,6,SE
490,E406,RH,PN04,SN001,1,0,2,0.9,0,1,2.5,MID,SHORT,70,16,6,SE
493,E407,LH,PN04,SN001,0,1,2,2,0,1,0.5,MID,LONG,70,16,6,SE
493,E408,RH,PN04,SN001,0,1,2,2,0,1,0.5,MID,LONG,70,16,6,SE
493,E409,LH,PN04,SN006,0,1,6,2,1,0,1.5,HIGH,LONG,70,16,6,SE
493,E410,RH,PN04,SN006,1,1,5.1,2,1,0,1.3,HIGH,LONG,70,16,6,SE
493,E411,LH,PN05,SN001,1,1,2,0.9,0,1,2.5,MID,SHORT,70,16,6,SE
494,E412,LH,PN05,SN003,0,1,2,2,1,0,0.5,MID,LONG,70,16,6,SE
495,E415,RH,PN05,SN001,0,1,6,2,1,0,1.5,HIGH,LONG,70,16,6,SE
495,E416,RH,PN05,SN002,1,1,2,2,0,1,0.5,MID,LONG,70,16,6,SE
495,E413,RH,PN05,SN002,0,1,6,2,1,0,1.5,HIGH,LONG,70,16,6,SE
495,E414,RH,PN05,SN006,1,1,5.8,2,1,0,1.4,HIGH,LONG,70,16,6,SE
498,E418,RH,PN05,SN003,1,1,5.4,2,1,0,1.4,HIGH,LONG,71,16,6,SE
498,E417,RH,PN05,SN001,1,1,2,2,0,1,0.5,MID,LONG,71,16,6,SE
499,E419,RH,PN05,SN004,0,1,6,2,1,0,1.5,HIGH,LONG,71,16,6,SE
500,E420,RH,PN05,SN001,0,1,2,2,0,1,0.5,MID,LONG,71,16,6,SE
503,E422,RH,PN05,SN001,0,1,2,2,0,1,0.5,MID,LONG,71,16,6,SE
503,E421,LH,PN05,SN001,1,1,5.5,2,1,0,1.4,HIGH,LONG,71,16,6,SE
513,E423,RH,PN05,SN005,1,1,6,2,1,0,1.5,HIGH,LONG,73,17,6,SE
513,E427,LH,PN05,SN005,1,1,2,2,0,1,0.5,MID,LONG,73,17,6,SE
513,E426,RH,PN05,SN005,0,1,2,2,0,1,0.5,MID,LONG,73,17,6,SE
513,E425,LH,PN05,SN006,1,1,2,2,0,1,0.5,MID,LONG,73,17,6,SE
513,E424,RH,PN05,SN003,1,0,2,1.9,0,1,0.6,MID,SHORT,73,17,6,SE
514,E428,LH,PN05,SN005,0,1,5.8,2,1,0,1.4,HIGH,LONG,73,17,6,SE
514,E429,LH,PN06,SN004,1,1,2,2,1,0,0.5,MID,LONG,73,17,6,SE
518,E430,LH,PN06,SN005,1,1,2,2,0,1,0.5,MID,LONG,74,17,6,SE
518,E431,LH,PN06,SN001,1,1,6,2,1,0,1.5,HIGH,LONG,74,17,6,SE
519,E432,LH,PN06,SN001,0,1,2,2,1,0,0.5,MID,LONG,74,17,6,SE
520,E434,RH,PN06,SN005,0,1,2,2,1,0,0.5,MID,LONG,74,17,6,SE
520,E436,RH,PN06,SN005,1,1,2,2,0,1,0.5,MID,LONG,74,17,6,SE
520,E435,LH,PN06,SN003,0,1,6,2,1,0,1.5,HIGH,LONG,74,17,6,SE
520,E433,LH,PN06,SN002,0,1,2,2,0,1,0.5,MID,LONG,74,17,6,SE
522,E437,RH,PN07,SN002,1,1,5.2,2,1,0,1.3,HIGH,LONG,74,17,6,SE
524,E438,LH,PN07,SN003,0,1,2,2,1,0,0.5,MID,LONG,74,17,6,SE
525,E439,RH,PN07,SN002,1,1,6,2,1,0,1.5,HIGH,LONG,75,17,6,SE
527,E440,RH,PN07,SN002,0,1,2,2,1,0,0.5,MID,LONG,75,17,6,SE
529,E441,RH,PN07,SN003,0,1,2,2,0,1,0.5,MID,LONG,75,17,6,SE
532,E442,LH,PN07,SN002,0,1,6,2,1,0,1.5,HIGH,LONG,76,17,6,SE
533,E444,RH,PN07,SN003,0,1,6,2,1,0,1.5,HIGH,LONG,76,17,6,SE
533,E443,RH,PN07,SN001,1,0,2,2,0,1,0.5,MID,LONG,76,17,6,SE
533,E445,RH,PN07,SN003,0,1,2,2,1,0,0.5,MID,LONG,76,17,6,SE
534,E446,LH,PN07,SN003,0,1,2,2,0,1,0.5,MID,LONG,76,17,6,SE
535,E448,LH,PN07,SN002,0,1,6,2,1,0,1.5,HIGH,LONG,76,17,6,SE
535,E447,RH,PN07,SN003,0,1,6,1.3,1,0,3.6,HIGH,SHORT,76,17,6,SE
537,E450,LH,PN08,SN001,1,1,6,2,1,0,1.5,HIGH,LONG,76,17,6,SE
537,E449,LH,PN08,SN002,0,1,6,2,1,0,1.5,HIGH,LONG,76,17,6,SE
538,E451,LH,PN08,SN003,1,1,2,1.5,0,1,0.9,MID,SHORT,76,17,6,SE
539,E452,RH,PN08,SN003,0,1,5.6,2,1,0,1.4,HIGH,LONG,77,17,6,SE
540,E453,RH,PN08,SN003,0,1,6,2,1,0,1.5,HIGH,LONG,77,18,7,SE
541,E454,RH,PN08,SN001,0,1,2,2,0,1,0.5,MID,LONG,77,18,7,SE
541,E455,RH,PN08,SN003,1,1,2,2,0,1,0.5,MID,LONG,77,18,7,SE
541,E456,LH,PN08,SN003,0,1,6,2,1,0,1.5,HIGH,LONG,77,18,7,SE
542,E457,RH,PN08,SN003,0,1,6,2,1,0,1.5,HIGH,LONG,77,18,7,SE
544,E458,RH,PN08,SN001,0,1,6,2,1,0,1.5,HIGH,LONG,77,18,7,SE
546,E460,LH,PN08,SN003,0,1,5.3,2,1,0,1.3,HIGH,LONG,78,18,7,SE
546,E461,RH,PN08,SN002,0,1,2,2,1,0,0.5,MID,LONG,78,18,7,SE
546,E459,LH,PN08,SN002,1,1,2,2,0,1,0.5,MID,LONG,78,18,7,SE
550,E462,RH,PN08,SN003,0,0,6,2,1,0,1.5,HIGH,LONG,78,18,7,SE
554,E463,RH,PN08,SN002,1,1,2,2,1,0,0.5,MID,LONG,79,18,7,SE
555,E464,RH,PN08,SN003,0,1,2,2,1,0,0.5,MID,LONG,79,18,7,SE
565,E465,LH,PN08,SN003,0,1,2,2,0,1,0.5,MID,LONG,80,18,7,SE
566,E466,LH,PN08,SN001,0,1,2,2,0,1,0.5,MID,LONG,80,18,7,SE
567,E467,LH,PN09,SN004,0,1,6,2,1,0,1.5,HIGH,LONG,81,18,7,SE
568,E468,RH,PN09,SN002,0,1,2,2,0,1,0.5,MID,LONG,81,18,7,SE
569,E469,LH,PN09,SN001,1,1,6,1.7,1,0,2.1,HIGH,SHORT,81,18,7,SE
571,E470,RH,PN09,SN002,1,1,6,2,1,0,1.5,HIGH,LONG,81,19,7,SE
572,E471,LH,PN09,SN002,0,1,6,2,1,0,1.5,HIGH,LONG,81,19,7,SE
572,E473,RH,PN09,SN004,0,1,2,2,0,1,0.5,MID,LONG,81,19,7,SE
572,E472,LH,PN09,SN003,0,1,2,2,1,0,0.5,MID,LONG,81,19,7,SE
573,E474,RH,PN09,SN003,1,1,5.6,2,1,0,1.4,HIGH,LONG,81,19,7,SE
574,E475,LH,PN09,SN003,1,1,6,2,1,0,1.5,HIGH,LONG,82,19,7,SE
575,E476,RH,PN09,SN004,0,1,2,1,0,1,2,MID,SHORT,82,19,7,SE
576,E477,LH,PN09,SN004,0,1,2,2,0,1,0.5,MID,LONG,82,19,7,SE
577,E478,RH,PN09,SN004,0,1,2,2,0,1,0.5,MID,LONG,82,19,7,SE
578,E479,RH,PN09,SN002,1,1,2,2,0,1,0.5,MID,LONG,82,19,7,SE
579,E480,RH,PN09,SN003,0,1,5.4,2,1,0,1.4,HIGH,LONG,82,19,7,SE
581,E481,LH,PN09,SN003,0,1,6,2,1,0,1.5,HIGH,LONG,83,19,7,SE
583,E482,RH,PN10,SN002,0,1,2,2,0,1,0.5,MID,LONG,83,19,7,SE
584,E484,LH,PN10,SN002,0,1,6,1.1,1,0,5,HIGH,SHORT,83,19,7,SE
584,E485,LH,PN10,SN002,1,1,6,2,1,0,1.5,HIGH,LONG,83,19,7,SE
584,E483,LH,PN10,SN001,1,1,2,2,0,1,0.5,MID,LONG,83,19,7,SE
588,E486,RH,PN10,SN001,1,1,2,2,0,1,0.5,MID,LONG,84,19,7,SE
589,E488,LH,PN11,SN001,0,1,2,2,0,1,0.5,MID,LONG,84,19,7,SE
589,E487,LH,PN11,SN001,0,0,2,2,0,1,0.5,MID,LONG,84,19,7,SE
591,E489,LH,PN11,SN002,1,1,6,2,1,0,1.5,HIGH,LONG,84,19,7,SE
592,E490,RH,PN11,SN002,0,1,5.4,2,1,0,1.4,HIGH,LONG,84,19,7,SE
593,E491,LH,PN11,SN002,1,1,2,2,1,0,0.5,MID,LONG,84,19,7,SE
594,E492,RH,PN11,SN001,0,1,5.2,2,1,0,1.3,HIGH,LONG,84,19,7,SE
596,E493,LH,PN11,SN001,0,1,6,2,1,0,1.5,HIGH,LONG,85,19,7,SE
597,E495,RH,PN12,SN001,0,1,2,2,0,1,0.5,MID,LONG,85,19,7,SE
597,E494,LH,PN11,SN002,0,1,2,2,0,1,0.5,MID,LONG,85,19,7,SE
600,E496,RH,PN12,SN001,1,1,6,2,1,0,1.5,HIGH,LONG,85,20,7,SE
601,E497,RH,PN12,SN001,0,1,6,2,1,0,1.5,HIGH,LONG,85,20,7,SE
602,E498,RH,PN12,SN001,1,1,2,2,0,1,0.5,MID,LONG,86,20,7,SE
603,E499,RH,PN13,SN002,0,1,6,2,1,0,1.5,HIGH,LONG,86,20,7,SE
604,E500,RH,PN13,SN004,0,1,2,2,1,0,0.5,MID,LONG,86,20,7,SE
605,E501,LH,PN13,SN003,0,1,2,2,1,0,0.5,MID,LONG,86,20,7,SE
606,E502,RH,PN13,SN001,0,1,6,2,1,0,1.5,HIGH,LONG,86,20,7,SE
609,E503,RH,PN13,SN001,0,1,6,2,1,0,1.5,HIGH,LONG,87,20,7,Transition
